{"cameraMode":{"drawMode":0,"name":"Shaded","section":"Shading Mode"},"sceneLighting":true,"audioPlay":false,"sceneViewState":{"showFog":true,"showMaterialUpdate":false,"showSkybox":true,"showFlares":true,"showImageEffects":true,"showParticleSystems":true},"in2DMode":false,"pivot":{"x":-1.1754717826843262,"y":-32.47274398803711,"z":-0.08886294811964035},"rotation":{"x":0.4884236454963684,"y":-0.5115260481834412,"z":0.494915634393692,"w":0.504818856716156},"size":50.495750427246097,"orthographic":false}