{"cameraMode":{"drawMode":0,"name":"Shaded","section":"Shading Mode"},"sceneLighting":true,"audioPlay":false,"sceneViewState":{"showFog":true,"showMaterialUpdate":false,"showSkybox":true,"showFlares":true,"showImageEffects":true,"showParticleSystems":true},"in2DMode":false,"pivot":{"x":1.5762273073196412,"y":-16.249094009399415,"z":2.9875519275665285},"rotation":{"x":0.5034180283546448,"y":-0.49652042984962466,"z":0.5055383443832398,"w":0.49443772435188296},"size":42.53110885620117,"orthographic":false}