{"cameraMode":{"drawMode":0,"name":"Shaded","section":"Shading Mode"},"sceneLighting":true,"audioPlay":false,"sceneViewState":{"showFog":true,"showMaterialUpdate":false,"showSkybox":true,"showFlares":true,"showImageEffects":true,"showParticleSystems":true},"in2DMode":false,"pivot":{"x":-1.5793769359588624,"y":-0.5079919099807739,"z":3.413648843765259},"rotation":{"x":0.0930558443069458,"y":-0.8432638645172119,"z":0.1550264060497284,"w":0.5061753988265991},"size":13.851530075073243,"orthographic":false}