{"cameraMode":{"drawMode":0,"name":"Shaded","section":"Shading Mode"},"sceneLighting":true,"audioPlay":false,"sceneViewState":{"showFog":true,"showMaterialUpdate":false,"showSkybox":true,"showFlares":true,"showImageEffects":true,"showParticleSystems":true},"in2DMode":false,"pivot":{"x":-0.9764404296875,"y":-2.8113603591918947,"z":4.323126792907715},"rotation":{"x":-0.1258397400379181,"y":0.8544466495513916,"z":-0.2436751276254654,"w":-0.4412570297718048},"size":16.427282333374025,"orthographic":false}